V60564,Calzado,Reebok,Invierno 2014
V60735,Calzado,Reebok,Invierno 2014
V61604,Calzado,Reebok,Invierno 2014
V60829,Calzado,Reebok,Invierno 2014
V59926,Calzado,Reebok,Invierno 2014
V61616,Calzado,Reebok,Invierno 2014
V54391,Calzado,Reebok,Invierno 2014
V59931,Calzado,Reebok,Invierno 2014
V59932,Calzado,Reebok,Invierno 2014
V60840,Calzado,Reebok,Invierno 2014
V60560,Calzado,Reebok,Invierno 2014
V61608,Calzado,Reebok,Invierno 2014
V60837,Calzado,Reebok,Invierno 2014
V61605,Calzado,Reebok,Invierno 2014
V61609,Calzado,Reebok,Invierno 2014
V61607,Calzado,Reebok,Invierno 2014
V60563,Calzado,Reebok,Invierno 2014
V60588,Calzado,Reebok,Invierno 2014
V60736,Calzado,Reebok,Invierno 2014
V60738,Calzado,Reebok,Invierno 2014
V59929,Calzado,Reebok,Invierno 2014
V61603,Calzado,Reebok,Invierno 2014
Z64123,Indumentaria,Reebok,Invierno 2014
Z77651,Indumentaria,Reebok,Invierno 2014
Z78212,Indumentaria,Reebok,Invierno 2014
Z78300,Indumentaria,Reebok,Invierno 2014
Z78316,Indumentaria,Reebok,Invierno 2014
Z78319,Indumentaria,Reebok,Invierno 2014
Z78471,Indumentaria,Reebok,Invierno 2014
Z78540,Indumentaria,Reebok,Invierno 2014
Z79674,Indumentaria,Reebok,Invierno 2014
Z79675,Indumentaria,Reebok,Invierno 2014
Z79809,Indumentaria,Reebok,Invierno 2014
Z79857,Indumentaria,Reebok,Invierno 2014
Z79897,Indumentaria,Reebok,Invierno 2014
Z79966,Indumentaria,Reebok,Invierno 2014
Z80078,Indumentaria,Reebok,Invierno 2014
Z80079,Indumentaria,Reebok,Invierno 2014
Z81751,Indumentaria,Reebok,Invierno 2014
Z82403,Indumentaria,Reebok,Invierno 2014
Z82741,Indumentaria,Reebok,Invierno 2014
Z82760,Indumentaria,Reebok,Invierno 2014
Z82762,Indumentaria,Reebok,Invierno 2014
Z82914,Indumentaria,Reebok,Invierno 2014
Z82952,Indumentaria,Reebok,Invierno 2014
Z82978,Indumentaria,Reebok,Invierno 2014
Z82987,Indumentaria,Reebok,Invierno 2014
Z83135,Indumentaria,Reebok,Invierno 2014
Z86784,Indumentaria,Reebok,Invierno 2014
